{"cameraMode":{"drawMode":0,"name":"Shaded","section":"Shading Mode"},"sceneLighting":true,"audioPlay":false,"sceneViewState":{"m_AlwaysRefresh":false,"showFog":true,"showSkybox":true,"showFlares":true,"showImageEffects":true,"showParticleSystems":true,"showVisualEffectGraphs":true,"m_FxEnabled":true},"in2DMode":false,"pivot":{"x":-1.3385568857192994,"y":18.969816207885743,"z":2.7927372455596926},"rotation":{"x":0.39169472455978396,"y":0.4845615327358246,"z":-0.2568977177143097,"w":0.7387837171554565},"size":12.725050926208496,"orthographic":true}